scheme,N,avg_retries,jains_fairness,throughput
IEEE 802.3 Truncated BEB,2,0.90,0.9996,0.8019
IEEE 802.3 Truncated BEB,5,2.25,0.9936,0.7391
IEEE 802.3 Truncated BEB,10,4.50,0.9741,0.6538
IEEE 802.3 Truncated BEB,15,6.75,0.9727,0.5862
IEEE 802.3 Truncated BEB,20,9.00,0.9632,0.5312
IEEE 802.3 Truncated BEB,25,11.25,0.9645,0.4857
IEEE 802.3 Truncated BEB,30,13.50,0.9212,0.4474
Linear Backoff,2,1.40,1.0000,0.6818
Linear Backoff,5,3.50,0.9930,0.6000
Linear Backoff,10,7.00,0.9756,0.5000
Linear Backoff,15,10.50,0.9584,0.4286
Linear Backoff,20,14.00,0.9476,0.3750
Linear Backoff,25,17.50,0.9371,0.3333
Linear Backoff,30,21.00,0.9153,0.3000
MACAW MILD (x1.5 / -1),2,0.76,0.9988,0.8381
MACAW MILD (x1.5 / -1),5,1.90,0.9949,0.7822
MACAW MILD (x1.5 / -1),10,3.80,0.9862,0.7040
MACAW MILD (x1.5 / -1),15,5.70,0.9728,0.6400
MACAW MILD (x1.5 / -1),20,7.60,0.9480,0.5867
MACAW MILD (x1.5 / -1),25,9.50,0.9466,0.5415
MACAW MILD (x1.5 / -1),30,11.40,0.9438,0.5029
