a,theoretical_efficiency,empirical_efficiency
0.00100,0.9936,0.9953
0.00133,0.9915,0.9947
0.00178,0.9887,0.9922
0.00237,0.9850,0.9902
0.00316,0.9800,0.9866
0.00422,0.9736,0.9826
0.00562,0.9651,0.9779
0.00750,0.9539,0.9681
0.01000,0.9395,0.9503
0.01334,0.9209,0.9428
0.01778,0.8972,0.9291
0.02371,0.8675,0.9036
0.03162,0.8308,0.8654
0.04217,0.7864,0.8282
0.05623,0.7341,0.8116
0.07499,0.6743,0.7643
0.10000,0.6083,0.6846
0.13335,0.5380,0.6167
0.17783,0.4662,0.5682
0.23714,0.3957,0.5083
0.31623,0.3293,0.4193
0.42170,0.2691,0.3468
0.56234,0.2164,0.2975
0.74989,0.1715,0.2430
1.00000,0.1344,0.1777
