strategy      , stations, frames_per_station, attempts, successes, collisions, jams, efficiency, wall_time_s
non_persistent,        2,                  5,       15,        13,          2,    0,     0.1198,        0.56
non_persistent,        4,                  5,       62,        50,         12,    0,     0.1517,        2.03
one_persistent,        2,                  5,       22,        19,          3,    0,     0.2127,        0.45
one_persistent,        4,                  5,       63,        46,         17,    0,     0.0606,        2.49
p_persistent  ,        2,                  5,       10,        10,          0,    0,     0.1510,        0.32
p_persistent  ,        4,                  5,       71,        66,          5,    0,     0.0116,       37.76
csma_cd       ,        2,                  5,       14,        10,          2,    4,     0.1625,        0.32
csma_cd       ,        4,                  5,       54,        20,         18,   34,     0.2647,        0.51
csma_cd       ,        4,                  3,       36,        12,         14,   24,     0.3496,        0.31
p_persistent  ,       15,                 30,     3799,       349,       2321,    0,     0.2828,       14.48
p_persistent  ,       15,                 30,     3612,       352,       2196,    0,     0.2800,       13.53
p_persistent  ,       15,                 30,     2771,       412,       1526,    0,     0.3465,       11.59
csma_cd       ,        2,                  2,       10,         4,          4,    6,     0.6122,        0.06
csma_cd       ,        4,                  2,       24,         8,         11,   16,     0.3373,        0.22
csma_cd       ,        8,                  2,       54,        16,         26,   38,     0.6025,        0.23
csma_cd       ,       16,                  2,      133,        32,         79,  101,     0.5143,        0.55
csma_cd       ,       24,                  2,      232,        48,        137,  184,     0.2209,        1.98
csma_cd       ,       32,                  2,      313,        64,        190,  249,     0.1704,        3.40
csma_cd       ,        4,                  5,       41,        20,         13,   21,     0.4101,        0.41
csma_cd       ,        4,                  4,       36,        16,         13,   20,     0.5446,        0.25
non_persistent,        4,                  4,       28,        16,          7,    0,     0.4675,        0.33
csma_cd       ,        4,                  4,       33,        16,         11,   17,     0.6159,        0.22
p_persistent  ,        4,                  4,       19,        16,          2,    0,     0.3956,        0.36
csma_cd       ,        4,                  3,       27,        12,         11,   15,     0.6592,        0.15
non_persistent,        4,                  3,       22,        12,          6,    0,     0.3569,        0.30
one_persistent,        4,                  3,       19,        12,          5,    0,     0.6636,        0.15
p_persistent  ,        4,                  3,       12,        12,          0,    0,     0.4397,        0.23
csma_cd       ,        4,                  4,       38,        16,         13,   22,     0.6487,        0.21
non_persistent,        4,                  4,       34,        16,         11,    0,     0.4177,        0.36
one_persistent,        4,                  4,       23,        16,          5,    0,     0.7329,        0.19
p_persistent  ,        4,                  4,       20,        16,          2,    0,     0.4468,        0.31
csma_cd       ,        4,                  3,       33,        12,         13,   21,     0.5372,        0.19
csma_cd       ,        4,                  3,       28,        12,         12,   16,     0.5806,        0.17
csma_cd       ,       20,                 10,      454,       200,        168,  254,     0.4022,        4.21
csma_cd       ,       30,                 25,     1399,       750,        434,  649,     0.5295,       11.90
csma_cd       ,        4,                  2,       27,         8,         12,   19,     0.4722,        0.16
csma_cd       ,       30,                 20,     1200,       600,        397,  600,     0.5084,       10.11
csma_cd       ,        2,                 15,       34,        30,          2,    4,     0.9704,        0.26
csma_cd       ,        4,                 15,       93,        60,         19,   33,     0.5781,        0.88
csma_cd       ,        8,                 15,      217,       120,         61,   97,     0.5048,        2.04
csma_cd       ,       16,                 15,      471,       240,        151,  231,     0.3861,        5.32
csma_cd       ,       24,                 15,      738,       360,        252,  378,     0.4202,        7.42
csma_cd       ,       32,                 15,     1022,       480,        367,  542,     0.3849,       10.79
csma_cd       ,       12,                  5,      175,        60,         79,  115,     0.5886,        0.89
p_persistent  ,       12,                  3,       45,        36,          5,    0,     0.3769,        0.84
csma_cd       ,       10,                  5,      124,        50,         54,   74,     0.4982,        0.86
non_persistent,       10,                  5,      118,        50,         39,    0,     0.4497,        1.06
one_persistent,       10,                  5,      258,        47,        135,    0,     0.3667,        1.30
p_persistent  ,       10,                  5,       52,        50,          1,    0,     0.3626,        1.22
csma_cd       ,       10,                  5,      132,        50,         54,   82,     0.3111,        1.41
1_persistent  ,       10,                  5,      240,        48,        124,    0,     0.4120,        1.18
non_persistent,       10,                  5,      123,        50,         43,    0,     0.4657,        1.04
p_persistent  ,       10,                  5,       50,        50,          0,    0,     0.4155,        1.13
csma_cd       ,       10,                  5,      134,        50,         54,   84,     0.4582,        0.87
1_persistent  ,       10,                  5,      264,        47,        143,    0,     0.3043,        1.24
non_persistent,       10,                  5,      139,        50,         53,    0,     0.3518,        1.14
p_persistent  ,       10,                  5,       52,        50,          1,    0,     0.2701,        1.48
csma_cd       ,       10,                  5,      119,        50,         45,   69,     0.3838,        1.04
1_persistent  ,       10,                  5,      342,        47,        182,    0,     0.2264,        1.66
non_persistent,       10,                  5,      141,        50,         52,    0,     0.3467,        1.15
p_persistent  ,       10,                  5,       56,        50,          3,    0,     0.3287,        1.22
csma_cd       ,       40,                 15,     1438,       600,        550,  838,     0.4643,       10.34
p_persistent  ,        3,                  8,       28,        24,          2,    0,     0.3507,        0.55
p_persistent  ,       10,                 50,      546,       500,         23,    0,     0.3920,       10.20
p_persistent  ,       10,                 10,      113,       100,          7,    0,     0.3238,        2.47
p_persistent  ,        3,                 10,       32,        30,          1,    0,     0.1939,        1.24
p_persistent  ,        3,                 10,       30,        30,          0,    0,     0.5252,        0.46
p_persistent  ,        3,                 10,       36,        30,          3,    0,     0.4513,        0.53
p_persistent  ,        3,                 10,       46,        30,          8,    0,     0.4745,        0.51
p_persistent  ,        5,                 10,       50,        50,          0,    0,     0.1578,        2.54
p_persistent  ,        5,                 10,       54,        50,          2,    0,     0.4339,        0.92
p_persistent  ,        5,                 10,       73,        50,         13,    0,     0.4163,        0.96
p_persistent  ,        5,                 10,      107,        50,         31,    0,     0.4179,        0.96
p_persistent  ,       10,                 10,      104,       100,          2,    0,     0.2716,        2.95
p_persistent  ,       10,                 10,      110,       100,          5,    0,     0.3602,        2.22
p_persistent  ,       10,                 10,      134,       100,         18,    0,     0.4515,        1.77
p_persistent  ,       10,                 10,      223,       100,         71,    0,     0.4400,        1.82
csma_cd,10,5,160,50,69,110,0.3153,1.27
1_persistent,10,5,249,49,127,0,0.3261,1.20
non_persistent,10,5,129,50,44,0,0.3725,1.07
p_persistent,10,5,52,50,1,0,0.3384,1.18
