N,p,throughput,avg_delay,collisions,collision_rate,efficiency
3,0.02,0.2274,137.77,14.0,0.0446,0.2274
3,0.05,0.4124,78.29,22.0,0.0683,0.4124
3,0.08,0.5185,63.93,59.0,0.1643,0.5185
3,0.1,0.5585,59.77,58.0,0.1620,0.5585
3,0.15,0.5862,57.16,123.0,0.2908,0.5862
3,0.2,0.5887,56.73,186.0,0.3827,0.5887
3,0.25,0.6004,56.13,225.0,0.4286,0.6004
3,0.33,0.5626,59.18,295.0,0.4958,0.5626
3,0.4,0.5536,56.15,327.0,0.5215,0.5536
3,0.5,0.5566,58.13,339.0,0.5305,0.5566
3,0.6,0.5831,54.39,300.0,0.5000,0.5831
3,0.7,0.5779,50.43,300.0,0.5000,0.5779
3,0.8,0.6606,44.35,203.0,0.4036,0.6606
3,0.9,0.8319,18.25,45.0,0.1304,0.8319
3,1.0,0.8436,18.23,47.0,0.1354,0.8436
5,0.02,0.3193,159.19,33.0,0.0991,0.3193
5,0.05,0.5205,99.17,63.0,0.1736,0.5205
5,0.08,0.5655,90.99,123.0,0.2908,0.5655
5,0.1,0.5356,95.88,206.0,0.4071,0.5356
5,0.15,0.5524,93.52,279.0,0.4819,0.5524
5,0.2,0.5556,87.27,290.0,0.4915,0.5556
5,0.25,0.5374,88.29,369.0,0.5516,0.5374
5,0.33,0.5133,99.77,439.0,0.5940,0.5133
5,0.4,0.4852,101.73,529.0,0.6381,0.4852
5,0.5,0.4836,96.92,524.0,0.6359,0.4836
5,0.6,0.5258,70.51,405.0,0.5745,0.5258
5,0.7,0.5439,70.27,372.0,0.5536,0.5439
5,0.8,0.6245,59.32,226.0,0.4297,0.6245
5,0.9,0.5663,59.95,332.0,0.5253,0.5663
5,1.0,0.6661,52.64,204.0,0.4048,0.6661
10,0.02,0.4550,211.53,49.0,0.1404,0.4550
10,0.05,0.5360,178.31,185.0,0.3814,0.5360
10,0.08,0.5452,174.27,298.0,0.4983,0.5452
10,0.1,0.4959,193.29,455.0,0.6026,0.4959
10,0.15,0.4722,179.03,544.0,0.6445,0.4722
10,0.2,0.4364,189.08,675.0,0.6923,0.4364
10,0.25,0.4374,166.25,673.0,0.6917,0.4374
10,0.33,0.4171,181.46,790.0,0.7248,0.4171
10,0.4,0.4334,154.03,712.0,0.7036,0.4334
10,0.5,0.4382,173.87,706.0,0.7018,0.4382
10,0.6,0.4296,177.11,751.0,0.7146,0.4296
10,0.7,0.4301,172.42,747.0,0.7135,0.4301
10,0.8,0.4626,123.48,627.0,0.6764,0.4626
10,0.9,0.4496,139.14,634.0,0.6788,0.4496
10,1.0,0.4064,162.86,748.0,0.7137,0.4064
