strategy,N,throughput,avg_delay,collisions,collision_rate,efficiency
non_persistent,1,0.6186,24.90,0.0,0.0000,0.6186
non_persistent,2,0.6508,38.01,46.0,0.1162,0.6508
non_persistent,3,0.6417,52.41,121.0,0.2569,0.6417
non_persistent,5,0.6283,81.86,215.0,0.3805,0.6283
non_persistent,7,0.6145,113.87,295.0,0.4574,0.6145
non_persistent,10,0.5399,176.81,521.0,0.5982,0.5399
non_persistent,15,0.4831,248.23,684.0,0.6615,0.4831
non_persistent,20,0.4131,367.53,983.0,0.7374,0.4131
non_persistent,25,0.3932,441.52,1089.0,0.7568,0.3932
non_persistent,30,0.3768,532.66,1246.0,0.7807,0.3768
non_persistent,35,0.3597,659.21,1438.0,0.8043,0.3597
one_persistent,1,0.9112,19.74,0.0,0.0000,0.9112
one_persistent,2,0.8783,18.75,26.0,0.0691,0.8783
one_persistent,3,0.7996,23.08,93.0,0.2099,0.7996
one_persistent,5,0.6420,37.90,257.0,0.4234,0.6420
one_persistent,7,0.6160,56.91,271.0,0.4364,0.6160
one_persistent,10,0.4181,151.00,802.0,0.6962,0.4181
one_persistent,15,0.3826,285.47,1065.0,0.7527,0.3826
one_persistent,20,0.3556,289.17,1293.0,0.7870,0.3556
one_persistent,25,0.3250,493.39,1563.0,0.8170,0.3250
one_persistent,30,0.3194,530.28,1718.0,0.8308,0.3194
one_persistent,35,0.2931,723.26,1991.0,0.8505,0.2931
p_persistent,1,0.9112,19.71,0.0,0.0000,0.9112
p_persistent,2,0.5950,40.53,300.0,0.4615,0.5950
p_persistent,3,0.5846,56.07,294.0,0.4565,0.5846
p_persistent,5,0.5563,85.49,334.0,0.4883,0.5563
p_persistent,7,0.5517,127.01,380.0,0.5205,0.5517
p_persistent,10,0.4910,192.49,544.0,0.6085,0.4910
p_persistent,15,0.5105,268.00,470.0,0.5732,0.5105
p_persistent,20,0.5074,354.69,505.0,0.5906,0.5074
p_persistent,25,0.5184,424.73,451.0,0.5630,0.5184
p_persistent,30,0.4979,516.75,515.0,0.5954,0.4979
p_persistent,35,0.5381,552.66,414.0,0.5419,0.5381
csma_cd,1,0.9112,19.74,0.0,0.0000,0.9112
csma_cd,2,0.8883,18.64,50.0,0.1250,0.8883
csma_cd,3,0.8803,17.45,41.0,0.1049,0.8803
csma_cd,5,0.7931,30.25,129.0,0.2693,0.7931
csma_cd,7,0.6888,48.48,487.0,0.5818,0.6888
csma_cd,10,0.6227,105.06,719.0,0.6726,0.6227
csma_cd,15,0.6011,158.37,1003.0,0.7413,0.6011
csma_cd,20,0.5919,172.09,1040.0,0.7482,0.5919
csma_cd,25,0.5653,236.80,1205.0,0.7749,0.5653
csma_cd,30,0.5741,249.50,1258.0,0.7823,0.5741
csma_cd,35,0.5527,294.89,1487.0,0.8095,0.5527
csma_ca,1,0.6186,24.90,0.0,0.0000,0.6186
csma_ca,2,0.6442,37.50,30.0,0.0789,0.6442
csma_ca,3,0.6276,49.93,85.0,0.1954,0.6276
csma_ca,5,0.6686,78.20,133.0,0.2754,0.6686
csma_ca,7,0.6450,97.50,163.0,0.3177,0.6450
csma_ca,10,0.6329,128.35,219.0,0.3849,0.6329
csma_ca,15,0.6042,196.79,315.0,0.4737,0.6042
csma_ca,20,0.5737,267.09,377.0,0.5186,0.5737
csma_ca,25,0.5559,311.64,441.0,0.5575,0.5559
csma_ca,30,0.5275,408.20,538.0,0.6059,0.5275
csma_ca,35,0.5080,399.84,577.0,0.6224,0.5080
