G,S_pure_aloha,S_slotted_aloha,S_non_persistent,S_1_persistent,S_csma_cd
0.0631,0.0556,0.0592,0.0593,0.0628,0.0593
0.0742,0.0640,0.0689,0.0690,0.0737,0.0691
0.0873,0.0733,0.0800,0.0802,0.0865,0.0804
0.1027,0.0837,0.0927,0.0930,0.1015,0.0935
0.1209,0.0949,0.1071,0.1076,0.1189,0.1084
0.1422,0.1070,0.1234,0.1242,0.1392,0.1255
0.1673,0.1197,0.1415,0.1429,0.1625,0.1451
0.1968,0.1328,0.1617,0.1639,0.1893,0.1675
0.2316,0.1457,0.1837,0.1872,0.2198,0.1929
0.2725,0.1580,0.2075,0.2131,0.2540,0.2218
0.3205,0.1688,0.2326,0.2414,0.2918,0.2546
0.3771,0.1774,0.2586,0.2721,0.3326,0.2918
0.4437,0.1827,0.2847,0.3050,0.3755,0.3340
0.5220,0.1838,0.3097,0.3400,0.4185,0.3820
0.6141,0.1798,0.3323,0.3767,0.4590,0.4366
0.7225,0.1703,0.3508,0.4147,0.4936,0.4988
0.8500,0.1553,0.3633,0.4535,0.5182,0.5699
1.0000,0.1353,0.3679,0.4925,0.5286,0.6514
1.1765,0.1119,0.3628,0.5313,0.5214,0.7451
1.3841,0.0869,0.3468,0.5693,0.4946,0.8531
1.6284,0.0627,0.3196,0.6058,0.4488,0.9781
1.9158,0.0415,0.2821,0.6403,0.3874,1.1231
2.2539,0.0248,0.2366,0.6725,0.3160,1.2916
2.6517,0.0132,0.1870,0.7020,0.2419,1.4878
3.1197,0.0061,0.1378,0.7284,0.1721,1.7167
3.6703,0.0024,0.0935,0.7515,0.1127,1.9839
4.3181,0.0008,0.0575,0.7713,0.0669,2.2964
5.0802,0.0002,0.0316,0.7874,0.0355,2.6617
5.9768,0.0000,0.0152,0.7999,0.0165,3.0891
7.0317,0.0000,0.0062,0.8087,0.0065,3.5890
8.2727,0.0000,0.0021,0.8138,0.0022,4.1736
9.7327,0.0000,0.0006,0.8150,0.0006,4.8570
11.4505,0.0000,0.0001,0.8123,0.0001,5.6553
13.4714,0.0000,0.0000,0.8056,0.0000,6.5868
15.8489,0.0000,0.0000,0.7947,0.0000,7.6725
